Title,Date
"Grand Hotel: Season 3: Part 58","9/2/20"
"Athlete A","6/27/20"
"Bulbbul","6/26/20"
"Kapoor & Sons","6/25/20"
"26 Years","6/23/20"
"Crash Landing on You: Season 1: Episode 1","6/23/20"
"The Crown: Season 3: Cri de Coeur","6/23/20"
"The Crown: Season 3: Imbroglio","6/20/20"
"The Crown: Season 3: Dangling Man","6/20/20"
"The Crown: Season 3: Moondust","6/20/20"
"The Crown: Season 3: Tywysog Cymru","6/20/20"
"The Crown: Season 3: Coup","6/20/20"
"The Crown: Season 3: Bubbikins","6/20/20"
"The Crown: Season 3: Aberfan","6/19/20"
"The Crown: Season 3: Margaretology","6/19/20"
"The Crown: Season 3: Olding","6/19/20"
"Tokyo Trial: Season 1: Episode 4","6/19/20"
"Tokyo Trial: Season 1: Episode 3","6/19/20"
"Tokyo Trial: Season 1: Episode 2","6/19/20"
"Tokyo Trial: Season 1: Episode 1","6/18/20"
"Lenox Hill: Season 1: The Barrier","6/17/20"
"Lenox Hill: Season 1: Growth Hurts","6/17/20"
"Madam Secretary: Madam Secretary: Season 6: Leaving the Station","6/14/20"
"Madam Secretary: Madam Secretary: Season 6: Carpe Diem","6/14/20"
"Madam Secretary: Madam Secretary: Season 6: Ships and Countries","6/14/20"
"Madam Secretary: Madam Secretary: Season 6: Accountability","6/14/20"
"Madam Secretary: Madam Secretary: Season 6: Deepfake","6/14/20"
"Madam Secretary: Madam Secretary: Season 6: Daisy","6/14/20"
"Madam Secretary: Madam Secretary: Season 6: Valor","6/14/20"
"Madam Secretary: Madam Secretary: Season 6: Killer Robots","6/13/20"
"Madam Secretary: Madam Secretary: Season 6: The Strike Zone","6/13/20"
"Madam Secretary: Madam Secretary: Season 6: Hail to the Chief","6/13/20"
"13 Reasons Why: Season 4: Graduation","6/12/20"
"13 Reasons Why: Season 4: Prom","6/10/20"
"13 Reasons Why: Season 4: Acceptance/Rejection","6/9/20"
"13 Reasons Why: Season 4: College Interview","6/9/20"
"13 Reasons Why: Season 4: Thursday","6/8/20"
"13 Reasons Why: Season 4: House Party","6/8/20"
"13 Reasons Why: Season 4: Senior Camping Trip","6/8/20"
"13 Reasons Why: Season 4: Valentine's Day","6/7/20"
"13 Reasons Why: Season 4: College Tour","6/7/20"
"13 Reasons Why: Season 4: Winter Break","6/7/20"
"The Vietnam War: A Film by Ken Burns and Lynn Novick: Season 1: The Weight of Memory (March 1973 - Onward)","6/7/20"
"The Vietnam War: A Film by Ken Burns and Lynn Novick: Season 1: A Disrespectful Loyalty (May 1970 – March 1973)","6/7/20"
"The Vietnam War: A Film by Ken Burns and Lynn Novick: Season 1: The History of the World (April 1969 – May 1970)","6/6/20"
"The Vietnam War: A Film by Ken Burns and Lynn Novick: Season 1: The Veneer of Civilization (June 1968 – May 1969)","6/6/20"
"13 Reasons Why: Season 1: Tape 1, Side B","6/5/20"
"The Vietnam War: A Film by Ken Burns and Lynn Novick: Season 1: Things Fall Apart (January 1968 – July 1968)","6/4/20"
"The Vietnam War: A Film by Ken Burns and Lynn Novick: Season 1: This Is What We Do (July 1967 – December 1967)","6/3/20"
"The Vietnam War: A Film by Ken Burns and Lynn Novick: Season 1: Resolve (January 1966 – June 1967)","6/2/20"
"The Vietnam War: A Film by Ken Burns and Lynn Novick: Season 1: The River Styx (January 1964 – December 1965)","6/1/20"
"The Vietnam War: A Film by Ken Burns and Lynn Novick: Season 1: Riding the Tiger (1961-1963)","6/1/20"
"Iris: Season 1: Episode 20","12/24/19"
"Iris: Season 1: Episode 1","12/24/19"
"Iris: Season 1: Episode 19","12/22/19"
"Iris: Season 1: Episode 18","12/22/19"
"Iris: Season 1: Episode 17","12/21/19"
"Iris: Season 1: Episode 16","12/21/19"
"Iris: Season 1: Episode 15","12/19/19"
"Iris: Season 1: Episode 14","12/19/19"
"Iris: Season 1: Episode 13","12/17/19"
"Iris: Season 1: Episode 12","12/17/19"
"Iris: Season 1: Episode 11","12/15/19"
"Iris: Season 1: Episode 10","12/15/19"
"Iris: Season 1: Episode 9","12/15/19"
"Iris: Season 1: Episode 8","12/15/19"
"Iris: Season 1: Episode 7","12/14/19"
"Iris: Season 1: Episode 6","12/14/19"
"Iris: Season 1: Episode 5","12/10/19"
"Iris: Season 1: Episode 4","12/8/19"
"Virgin River: Season 1: Carry On","12/8/19"
"Iris: Season 1: Episode 3","12/8/19"
"Iris: Season 1: Episode 2","12/8/19"
"Chief of Staff: Season 1: Episode 2","11/30/19"
"Kingdom: Season 1: Episode 1","11/30/19"
"Live: Season 1: Episode 1","11/30/19"
"Stranger: Season 1: Finale: Episode 16","11/28/19"
"The Irishman","11/28/19"
"Stranger: Season 1: Episode 15","11/27/19"
"Stranger: Season 1: Episode 14","11/27/19"
"Stranger: Season 1: Episode 13","11/27/19"
"Stranger: Season 1: Episode 12","11/26/19"
"Stranger: Season 1: Episode 11","11/24/19"
"Stranger: Season 1: Episode 10","11/23/19"
"Stranger: Season 1: Episode 9","11/23/19"
"Stranger: Season 1: Episode 8","11/23/19"
"Stranger: Season 1: Episode 7","11/17/19"
"Stranger: Season 1: Episode 6","11/17/19"
"Stranger: Season 1: Episode 5","11/17/19"
"Stranger: Season 1: Episode 4","11/16/19"
"Stranger: Season 1: Episode 3","11/16/19"
"Stranger: Season 1: Episode 2","11/13/19"
"Stranger: Season 1: Episode 1","11/10/19"
"Upstarts","11/9/19"
"Grand Hotel: Season 3: Part 57","10/26/19"
"Grand Hotel: Season 3: Part 56","10/14/19"
"Grand Hotel: Season 3: Part 55","10/13/19"
"Grand Hotel: Season 3: Part 54","10/13/19"
"Grand Hotel: Season 3: Part 53","10/13/19"
"Grand Hotel: Season 3: Part 52","10/13/19"
"Grand Hotel: Season 3: Part 51","10/13/19"
"Grand Hotel: Season 3: Part 50","10/13/19"
"Grand Hotel: Season 3: Part 49","10/13/19"
"Grand Hotel: Season 3: Part 48","10/13/19"
"Grand Hotel: Season 3: Part 47","10/11/19"
"Grand Hotel: Season 3: Part 46","10/10/19"
"Grand Hotel: Season 3: Part 45","10/8/19"
"Grand Hotel: Season 3: Part 44","10/8/19"
"Grand Hotel: Season 3: Part 43","10/7/19"
"Grand Hotel: Season 2: Part 42","10/6/19"
"Grand Hotel: Season 2: Part 41","10/6/19"
"Grand Hotel: Season 2: Part 40","10/6/19"
"Grand Hotel: Season 2: Part 39","10/6/19"
"Grand Hotel: Season 2: Part 38","10/6/19"
"Grand Hotel: Season 2: Part 37","10/6/19"
"Grand Hotel: Season 2: Part 36","10/6/19"
"Grand Hotel: Season 2: Part 35","10/5/19"
"Grand Hotel: Season 2: Part 34","10/5/19"
"Grand Hotel: Season 2: Part 33","10/5/19"
"Grand Hotel: Season 2: Part 32","10/5/19"
"Grand Hotel: Season 2: Part 31","10/5/19"
"Grand Hotel: Season 2: Part 30","10/5/19"
"Grand Hotel: Season 2: Part 29","10/5/19"
"Grand Hotel: Season 2: Part 28","10/5/19"
"Grand Hotel: Season 2: Part 27","10/4/19"
"Grand Hotel: Season 2: Part 26","10/4/19"
"Grand Hotel: Season 2: Part 25","10/4/19"
"Grand Hotel: Season 2: Part 24","10/4/19"
"Grand Hotel: Season 2: Part 23","10/3/19"
"Grand Hotel: Season 2: Part 22","10/3/19"
"Grand Hotel: Season 2: Part 21","10/2/19"
"Grand Hotel: Season 2: Part 20","10/2/19"
"Grand Hotel: Season 2: Part 19","10/1/19"
"Grand Hotel: Season 2: Part 18","10/1/19"
"Grand Hotel: Season 2: Part 17","10/1/19"
"Grand Hotel: Season 2: Part 16","9/30/19"
"Grand Hotel: Season 2: Part 15","9/30/19"
"Grand Hotel: Season 1: Part 14","9/29/19"
"Grand Hotel: Season 1: Part 13","9/29/19"
"Grand Hotel: Season 1: Part 12","9/29/19"
"Grand Hotel: Season 1: Part 11","9/29/19"
"Bard of Blood: Season 1: My Stronger Guilt Defeats My Strong Intent","9/29/19"
"Bard of Blood: Season 1: Heat Not a Furnace for Your Foe So Hot That It Do Singe Yourself","9/29/19"
"Bard of Blood: Season 1: Fight Fire With Fire","9/28/19"
"Bard of Blood: Season 1: Love All, Trust a Few, Do Wrong to None","9/28/19"
"Bard of Blood: Season 1: So Quick Bright Things Come to Confusion","9/28/19"
"Bard of Blood: Season 1: When Sorrows Come, They Come Not Single Spies, but in Battalions","9/28/19"
"Bard of Blood: Season 1: What's Past is Prologue","9/28/19"
"Grand Hotel: Season 1: Part 10","9/27/19"
"Grand Hotel: Season 1: Part 9","9/27/19"
"Grand Hotel: Season 1: Part 8","9/26/19"
"Grand Hotel: Season 1: Part 7","9/26/19"
"Grand Hotel: Season 1: Part 6","9/26/19"
"Grand Hotel: Season 1: Part 5","9/25/19"
"Grand Hotel: Season 1: Part 4","9/24/19"
"Grand Hotel: Season 1: Part 3","9/24/19"
"Grand Hotel: Season 1: Part 2","9/23/19"
"Grand Hotel: Season 1: Part 1","9/23/19"
"Unbelievable: Limited Series: Episode 8","9/22/19"
"Unbelievable: Limited Series: Episode 7","9/22/19"
"Unbelievable: Limited Series: Episode 6","9/22/19"
"Unbelievable: Limited Series: Episode 5","9/22/19"
"Unbelievable: Limited Series: Episode 4","9/22/19"
"Unbelievable: Limited Series: Episode 3","9/22/19"
"Unbelievable: Limited Series: Episode 2","9/22/19"
"Unbelievable: Limited Series: Episode 1","9/22/19"
"Inside Bill's Brain: Decoding Bill Gates: Limited Series: Part 3","9/22/19"
"Inside Bill's Brain: Decoding Bill Gates: Limited Series: Part 2","9/22/19"
"Inside Bill's Brain: Decoding Bill Gates: Limited Series: Part 1","9/21/19"
"Madam Secretary: Season 5: Better Angels","9/21/19"
"Madam Secretary: Season 5: The Great Experiment","9/21/19"
"Madam Secretary: Season 5: Ready","9/21/19"
"Madam Secretary: Season 5: The Common Defense","9/21/19"
"Madam Secretary: Season 5: The New Normal","9/21/19"
"Madam Secretary: Season 5: Between the Seats","9/21/19"
"Madam Secretary: Season 5: Something Better","9/20/19"
"Madam Secretary: Season 5: Proxy War","9/20/19"
"Madam Secretary: Season 5: Strategic Ambiguity","9/20/19"
"Madam Secretary: Season 5: Family Separation: Part 2","9/13/19"
"Madam Secretary: Season 5: Family Separation: Part 1","9/12/19"
"Madam Secretary: Season 5: Winter Garden","9/12/19"
"Madam Secretary: Season 5: The Courage to Continue","9/12/19"
"Madam Secretary: Season 5: Baby Steps","9/11/19"
"Madam Secretary: Season 5: Eyjafjallaökull","9/11/19"
"Madam Secretary: Season 5: Ghosts","9/11/19"
"Madam Secretary: Season 5: Requiem","9/10/19"
"Madam Secretary: Season 5: The Magic Rake","9/10/19"
"Madam Secretary: Season 5: The Chaos Game","9/9/19"
"Article 15","9/7/19"
"Kim's Convenience: Season 1: Janet's Photos","9/7/19"
"Kim's Convenience: Season 1: Gay Discount","9/7/19"
"Bolívar: Season 1: Episode 26","9/7/19"
"Madam Secretary: Season 5: E Pluribus Unum","9/5/19"
"Madam Secretary: Season 4: Night Watch","9/5/19"
"Madam Secretary: Season 4: Protocol","9/5/19"
"Madam Secretary: Season 4: The Things We Get to Say","9/5/19"
"Madam Secretary: Season 4: Thin Ice","9/4/19"
"Madam Secretary: Season 4: The Friendship Game","9/4/19"
"Madam Secretary: Season 4: Phase Two","9/4/19"
"Madam Secretary: Season 4: My Funny Valentine","9/3/19"
"Madam Secretary: Season 4: The Unnamed","9/2/19"
"Madam Secretary: Season 4: Refuge","9/2/19"
"Madam Secretary: Season 4: Reading the Signs","9/2/19"
"Madam Secretary: Season 4: Sound and Fury","9/2/19"
"Madam Secretary: Season 4: Mitya","9/2/19"
"Madam Secretary: Season 4: Women Transform the World","9/2/19"
"Madam Secretary: Season 4: Minefield","9/2/19"
"Madam Secretary: Season 4: The Fourth Estate","9/2/19"
"Madam Secretary: Season 4: North to the Future","9/2/19"
"Madam Secretary: Season 4: Loophole","9/2/19"
"Madam Secretary: Season 4: Persona Non Grata","9/2/19"
"Madam Secretary: Season 4: Shutdown","9/2/19"
"Madam Secretary: Season 4: The Essentials","9/1/19"
"Madam Secretary: Season 4: Off the Record","9/1/19"
"Madam Secretary: Season 4: News Cycle","9/1/19"
"Madam Secretary: Season 3: Article 5","9/1/19"
"Madam Secretary: Season 3: Revelation","9/1/19"
"Madam Secretary: Season 3: The Seventh Floor","9/1/19"
"Madam Secretary: Season 3: Extraordinary Hazard","8/31/19"
"Madam Secretary: Season 3: Global Relief","8/31/19"
"Madam Secretary: Season 3: Good Bones","8/31/19"
"Madam Secretary: Season 3: Convergence","8/31/19"
"Madam Secretary: Season 3: Swept Away","8/31/19"
"Madam Secretary: Season 3: Break in Diplomacy","8/31/19"
"Madam Secretary: Season 3: Labor of Love","8/31/19"
"Madam Secretary: Season 3: The Beautiful Game","8/31/19"
"Madam Secretary: Season 3: The Detour","8/31/19"
"Madam Secretary: Season 3: Gift Horse","8/31/19"
"Madam Secretary: Season 3: The Race","8/31/19"
"Madam Secretary: Season 3: Snap Back","8/30/19"
"Madam Secretary: Season 3: Breakout Capacity","8/30/19"
"Madam Secretary: Season 3: Tectonic Shift","8/30/19"
"Madam Secretary: Season 3: The Statement","8/30/19"
"Madam Secretary: Season 3: The French Revolution","8/30/19"
"Madam Secretary: Season 3: The Dissent Memo","8/30/19"
"Madam Secretary: Season 3: South China Sea","8/30/19"
"Madam Secretary: Season 3: The Linchpin","8/29/19"
"Madam Secretary: Season 3: Sea Change","8/29/19"
"Madam Secretary: Season 2: Vartius","8/28/19"
"Madam Secretary: Season 2: Render Safe","8/27/19"
"Madam Secretary: Season 2: Connection Lost","8/27/19"
"Madam Secretary: Season 2: Ghost Detainee","8/27/19"
"Madam Secretary: Season 2: Desperate Remedies","8/27/19"
"13 Reasons Why: Season 1: Tape 1, Side A","8/26/19"
"13 Reasons Why: Beyond the Reasons: Season 1: Beyond the Reasons Season 1","8/26/19"
"13 Reasons Why: Beyond the Reasons: Season 2: Beyond the Reasons Season 2","8/26/19"
"Madam Secretary: Season 2: On the Clock","8/26/19"
"Madam Secretary: Season 2: Higher Learning","8/25/19"
"Madam Secretary: Season 2: Hijriyyah","8/25/19"
"Madam Secretary: Season 2: Right of the Boom","8/25/19"
"Madam Secretary: Season 2: Left of the Boom","8/25/19"
"Madam Secretary: Season 2: Invasive Species","8/25/19"
"Madam Secretary: Season 2: The Middle Way","8/25/19"
"13 Reasons Why: Beyond the Reasons: Season 3: Beyond the Reasons Season 3","8/25/19"
"13 Reasons Why: Season 3: Let the Dead Bury the Dead","8/25/19"
"13 Reasons Why: Season 3: And Then the Hurricane Hit","8/24/19"
"13 Reasons Why: Season 3: There Are a Few Things I Haven't Told You","8/24/19"
"13 Reasons Why: Season 3: The World Closing In","8/24/19"
"13 Reasons Why: Season 3: Always Waiting for the Next Bad News","8/24/19"
"13 Reasons Why: Season 3: In High School, Even on a Good Day, It's Hard to Tell Who's on Your Side","8/24/19"
"13 Reasons Why: Season 3: There Are a Number of Problems with Clay Jensen","8/24/19"
"13 Reasons Why: Season 3: You Can Tell the Heart of a Man by How He Grieves","8/24/19"
"13 Reasons Why: Season 3: Nobody's Clean","8/24/19"
"13 Reasons Why: Season 3: Angry, Young and Man","8/24/19"
"13 Reasons Why: Season 3: The Good Person Is Indistinguishable from the Bad","8/24/19"
"13 Reasons Why: Season 3: If You're Breathing, You're a Liar","8/24/19"
"13 Reasons Why: Season 3: Yeah. I'm the New Girl","8/23/19"
"Madam Secretary: Season 2: Unity Node","8/22/19"
"Madam Secretary: Season 2: The Greater Good","8/21/19"
"Madam Secretary: Season 2: Russian Roulette","8/21/19"
"Uyare","8/20/19"
"Designated Survivor: 60 Days: Season 1: The Last Choice","8/20/19"
"Designated Survivor: 60 Days: Season 1: The Trap","8/19/19"
"Designated Survivor: 60 Days: Season 1: The Acting President","8/19/19"
"Madam Secretary: Season 2: Lights Out","8/18/19"
"Madam Secretary: Season 2: You Say You Want a Revolution","8/18/19"
"Madam Secretary: Season 2: Catch and Release","8/18/19"
"Madam Secretary: Season 2: The Long Shot","8/18/19"
"Madam Secretary: Season 2: Waiting for Taleju","8/18/19"
"Madam Secretary: Season 2: The Rusalka","8/18/19"
"Madam Secretary: Season 2: The Doability Doctrine","8/18/19"
"Madam Secretary: Season 2: The Show Must Go On","8/18/19"
"Madam Secretary: Season 1: There But for the Grace of God","8/17/19"
"Madam Secretary: Season 1: The Kill List","8/17/19"
"Madam Secretary: Season 1: The Necessary Art","8/17/19"
"Bhaage Re Mann: Season 1: Episode 12","8/17/19"
"Bhaage Re Mann: Season 1: Episode 11","8/17/19"
"Sacred Games: Season 2: Radcliffe","8/17/19"
"Sacred Games: Season 2: Torino","8/16/19"
"Sacred Games: Season 2: Azrael","8/16/19"
"Sacred Games: Season 2: Vikarna","8/16/19"
"Sacred Games: Season 2: Bardo","8/16/19"
"Sacred Games: Season 2: Apasmara","8/15/19"
"Sacred Games: Season 2: Siduri","8/14/19"
"Sacred Games: Season 2: Matsya","8/14/19"
"Madam Secretary: Season 1: Spartan Figures","8/14/19"
"Designated Survivor: 60 Days: Season 1: The Outcome","8/13/19"
"Designated Survivor: 60 Days: Season 1: Presidential Candidate","8/13/19"
"Madam Secretary: Season 1: The Time Is at Hand","8/11/19"
"Madam Secretary: Season 1: Face the Nation","8/11/19"
"Madam Secretary: Season 1: Tamerlane","8/11/19"
"Madam Secretary: Season 1: The Ninth Circle","8/11/19"
"Madam Secretary: Season 1: Whisper of the Ax","8/11/19"
"Madam Secretary: Season 1: Chains of Command","8/11/19"
"Madam Secretary: Season 1: Standoff","8/11/19"
"Madam Secretary: Season 1: Game On","8/11/19"
"Madam Secretary: Season 1: Collateral Damage","8/11/19"
"Madam Secretary: Season 1: So It Goes","8/11/19"
"Madam Secretary: Season 1: Need to Know","8/11/19"
"Madam Secretary: Season 1: Passage","8/10/19"
"Madam Secretary: Season 1: The Call","8/10/19"
"Madam Secretary: Season 1: Blame Canada","8/10/19"
"Madam Secretary: Season 1: Just Another Normal Day","8/10/19"
"Madam Secretary: Season 1: The Operative","8/10/19"
"Madam Secretary: Season 1: Another Benghazi","8/10/19"
"Madam Secretary: Season 1: Pilot","8/10/19"
"Designated Survivor: Season 3: #truthorconsequences","8/10/19"
"Designated Survivor: Season 3: #undecided","8/9/19"
"Designated Survivor: Season 3: #scaredsh*tless","8/9/19"
"Designated Survivor: Season 3: #identity/crisis","8/9/19"
"Designated Survivor: Season 3: #whocares","8/9/19"
"Designated Survivor: Season 3: #nothingpersonal","8/8/19"
"Designated Survivor: Season 3: #makehistory","8/8/19"
"Designated Survivor: Season 3: #privacyplease","8/8/19"
"Designated Survivor: Season 3: #slipperyslope","8/7/19"
"Chief of Staff: Season 1: Episode 1","8/7/19"
"Designated Survivor: 60 Days: Season 1: Answer","8/6/19"
"Designated Survivor: 60 Days: Season 1: The Acting President, Oh Yeong-seok","8/5/19"
"Bhaage Re Mann: Season 1: Episode 10","8/3/19"
"Bhaage Re Mann: Season 1: Episode 9","8/3/19"
"Bhaage Re Mann: Season 1: Episode 8","8/3/19"
"Bhaage Re Mann: Season 1: Episode 7","8/3/19"
"Bhaage Re Mann: Season 1: Episode 6","8/3/19"
"Bhaage Re Mann: Season 1: Episode 5","8/3/19"
"Bhaage Re Mann: Season 1: Episode 4","8/2/19"
"Bhaage Re Mann: Season 1: Episode 3","8/2/19"
"Bhaage Re Mann: Season 1: Episode 2","8/2/19"
"Bhaage Re Mann: Season 1: Episode 1","8/2/19"
"Agent Raghav: Season 1: Episode 20","8/1/19"
"Designated Survivor: 60 Days: Season 1: Accomplice","7/30/19"
"Designated Survivor: 60 Days: Season 1: Scandal","7/30/19"
"Grey's Anatomy: Season 1: Shake Your Groove Thing","7/27/19"
"Grey's Anatomy: Season 1: No Man's Land","7/27/19"
"Guru","7/27/19"
"Designated Survivor: 60 Days: Season 1: Doubt","7/23/19"
"Bolívar: Season 1: Episode 25","7/22/19"
"Designated Survivor: 60 Days: Season 1: Governance","7/22/19"
"Grey's Anatomy: Season 1: Winning a Battle, Losing the War","7/21/19"
"Grey's Anatomy: Season 1: The First Cut Is the Deepest","7/21/19"
"Grey's Anatomy: Season 1: A Hard Day's Night","7/21/19"
"Designated Survivor: Season 3: #thesystemisbroken","7/21/19"
"Bolívar: Season 1: Episode 24","7/21/19"
"Designated Survivor: Season 2: Run","7/21/19"
"Designated Survivor: Season 2: Target","7/21/19"
"Designated Survivor: Season 2: Bad Reception","7/21/19"
"Designated Survivor: Season 2: Capacity","7/20/19"
"Designated Survivor: Season 2: Kirkman Agonistes","7/20/19"
"Designated Survivor: Season 2: Overkill","7/20/19"
"Designated Survivor: Season 2: Fallout","7/20/19"
"Designated Survivor: Season 2: Summit","7/20/19"
"Designated Survivor: Season 2: In the Dark","7/20/19"
"Designated Survivor: Season 2: Original Sin","7/20/19"
"Designated Survivor: Season 2: The Final Frontier","7/20/19"
"Designated Survivor: Season 2: Grief","7/20/19"
"Designated Survivor: Season 2: Line of Fire","7/19/19"
"Designated Survivor: Season 2: Three Letter Day","7/19/19"
"Designated Survivor: Season 2: Home","7/19/19"
"Designated Survivor: Season 2: Family Ties","7/19/19"
"Designated Survivor: Season 2: Two Ships","7/18/19"
"Designated Survivor: Season 2: Suckers","7/18/19"
"Designated Survivor: Season 2: Equilibrium","7/18/19"
"Designated Survivor: Season 2: Outbreak","7/18/19"
"Designated Survivor: Season 2: Sting of the Tail","7/17/19"
"Designated Survivor: Season 2: One Year In","7/17/19"
"Designated Survivor: 60 Days: Season 1: Command","7/16/19"
"Designated Survivor: 60 Days: Season 1: A Good Person","7/16/19"
"Designated Survivor: Season 1: Brace for Impact","7/15/19"
"Designated Survivor: Season 1: Bombshell","7/14/19"
"Designated Survivor: Season 1: Misalliance","7/14/19"
"Designated Survivor: Season 1: Lazarus","7/14/19"
"Designated Survivor: Season 1: The Ninth Seat","7/14/19"
"Designated Survivor: Season 1: Party Lines","7/14/19"
"Designated Survivor: Season 1: One Hundred Days","7/14/19"
"Designated Survivor: Season 1: Commander-in-Chief","7/14/19"
"Designated Survivor: Season 1: Backfire","7/14/19"
"Designated Survivor: Season 1: The End of the Beginning","7/14/19"
"Designated Survivor: Season 1: Warriors","7/14/19"
"Designated Survivor: Season 1: The Oath","7/14/19"
"Designated Survivor: Season 1: The Blueprint","7/14/19"
"Designated Survivor: Season 1: The Results","7/14/19"
"Designated Survivor: Season 1: The Traitor","7/14/19"
"Designated Survivor: Season 1: The Interrogation","7/13/19"
"Designated Survivor: Season 1: The Mission","7/13/19"
"Designated Survivor: Season 1: The Enemy","7/13/19"
"Designated Survivor: Season 1: The Confession","7/13/19"
"Designated Survivor: Season 1: The First Day","7/13/19"
"Designated Survivor: Season 1: Pilot","7/13/19"
"Bolívar: Season 1: Episode 23","7/13/19"
"Bolívar: Season 1: Episode 22","7/12/19"
"Bolívar: Season 1: Episode 21","7/12/19"
"Designated Survivor: 60 Days: Season 1: Confession","7/11/19"
"Designated Survivor: 60 Days: Season 1: Maintaining Status Quo","7/10/19"
"Designated Survivor: 60 Days: Season 1: Commander-In-Chief","7/9/19"
"Bolívar: Season 1: Episode 20","7/7/19"
"Bolívar: Season 1: Episode 19","7/7/19"
"Bolívar: Season 1: Episode 18","7/7/19"
"Bolívar: Season 1: Episode 17","7/7/19"
"Bolívar: Season 1: Episode 16","7/6/19"
"Bolívar: Season 1: Episode 15","7/6/19"
"Bolívar: Season 1: Episode 14","7/6/19"
"Bolívar: Season 1: Episode 13","7/6/19"
"Bolívar: Season 1: Episode 12","7/6/19"
"Bolívar: Season 1: Episode 11","7/6/19"
"Bolívar: Season 1: Episode 10","7/6/19"
"Bolívar: Season 1: Episode 9","7/5/19"
"Bolívar: Season 1: Episode 8","7/4/19"
"Bolívar: Season 1: Episode 7","7/4/19"
"Bolívar: Season 1: Episode 6","7/4/19"
"Bolívar: Season 1: Episode 5","7/4/19"
"Bolívar: Season 1: Episode 4","7/4/19"
"Bolívar: Season 1: Episode 3","7/4/19"
"Bolívar: Season 1: Episode 2","7/3/19"
"Bolívar: Season 1: Episode 1","7/3/19"
"Stree","7/1/19"
"Mr. Iglesias: Part 1: Talent Show","6/29/19"
"Dynasty: Season 1: Spit It Out","6/27/19"
"Dynasty: Season 1: I Hardly Recognized You","6/27/19"
"The Umbrella Academy: Season 1: We Only See Each Other at Weddings and Funerals","6/27/19"
"The Office (U.S.): Season 1: Pilot","6/22/19"
"Lincoln","6/22/19"
"Mr. Iglesias: Part 1: Bullying","6/22/19"
"Mr. Iglesias: Part 1: Everybody Hates Gabe","6/22/19"
"Mr. Iglesias: Part 1: The Wagon","6/21/19"
"Mr. Iglesias: Part 1: Full Hearts, Clear Backpacks","6/21/19"
"Mr. Iglesias: Part 1: Summer School","6/21/19"
"Mr. Iglesias: Part 1: Some Children Left Behind","6/21/19"
"Murder Mystery","6/20/19"
"Morocco: Love in Times of War: Season 1: Episode 1","6/20/19"
"Roman Empire: Caligula: The Mad Emperor: The Rightful Heir","6/20/19"
"Secret of the Nile: Season 1: Episode 30","6/20/19"
"Secret of the Nile: Season 1: Episode 29","6/19/19"
"Secret of the Nile: Season 1: Episode 28","6/19/19"
"Secret of the Nile: Season 1: Episode 27","6/19/19"
"Secret of the Nile: Season 1: Episode 26","6/19/19"
"Secret of the Nile: Season 1: Episode 25","6/19/19"
"Secret of the Nile: Season 1: Episode 24","6/19/19"
"Secret of the Nile: Season 1: Episode 23","6/19/19"
"Secret of the Nile: Season 1: Episode 22","6/18/19"
"Secret of the Nile: Season 1: Episode 21","6/18/19"
"Secret of the Nile: Season 1: Episode 20","6/18/19"
"Secret of the Nile: Season 1: Episode 19","6/18/19"
"Secret of the Nile: Season 1: Episode 18","6/18/19"
"Secret of the Nile: Season 1: Episode 17","6/18/19"
"Secret of the Nile: Season 1: Episode 16","6/18/19"
"Secret of the Nile: Season 1: Episode 15","6/17/19"
"Secret of the Nile: Season 1: Episode 14","6/17/19"
"Secret of the Nile: Season 1: Episode 13","6/17/19"
"Secret of the Nile: Season 1: Episode 12","6/16/19"
"Secret of the Nile: Season 1: Episode 11","6/16/19"
"Secret of the Nile: Season 1: Episode 10","6/16/19"
"Secret of the Nile: Season 1: Episode 9","6/16/19"
"Secret of the Nile: Season 1: Episode 8","6/16/19"
"Secret of the Nile: Season 1: Episode 7","6/15/19"
"Secret of the Nile: Season 1: Episode 6","6/15/19"
"Secret of the Nile: Season 1: Episode 5","6/15/19"
"Secret of the Nile: Season 1: Episode 4","6/15/19"
"Secret of the Nile: Season 1: Episode 3","6/15/19"
"Secret of the Nile: Season 1: Episode 2","6/15/19"
"Secret of the Nile: Season 1: Episode 1","6/15/19"
"Trotsky: Season 1: Episode 1","6/15/19"
"World's Busiest Cities: Season 1: Delhi","6/15/19"
"World's Busiest Cities: Season 1: Mexico","6/15/19"
"Leila: Season 1: Episode 6","6/15/19"
"Leila: Season 1: Episode 5","6/15/19"
"Leila: Season 1: Episode 4","6/15/19"
"Leila: Season 1: Episode 3","6/14/19"
"Leila: Season 1: Episode 2","6/14/19"
"Leila: Season 1: Episode 1","6/14/19"
"Oliver Stone's Untold History of the United States: Season 1: Bush & Obama: Age of Terror","6/14/19"
"Oliver Stone's Untold History of the United States: Season 1: Bush & Clinton: American Triumphalism: New World Order","6/14/19"
"Oliver Stone's Untold History of the United States: Season 1: Reagan, Gorbachev & Third World: Rise of the Right","6/12/19"
"Oliver Stone's Untold History of the United States: Season 1: Johnson, Nixon & Vietnam: Reversal of Fortune","6/12/19"
"Oliver Stone's Untold History of the United States: Season 1: JFK: To the Brink","6/11/19"
"Oliver Stone's Untold History of the United States: Season 1: The '50s: Eisenhower, the Bomb & the Third World","6/11/19"
"Oliver Stone's Untold History of the United States: Season 1: The Cold War: 1945-1950","6/10/19"
"Oliver Stone's Untold History of the United States: Season 1: The Bomb","6/9/19"
"Oliver Stone's Untold History of the United States: Season 1: Roosevelt, Truman & Wallace","6/9/19"
"Look Who's Back","6/9/19"
"Oliver Stone's Untold History of the United States: Season 1: World War Two","6/9/19"
"I Am Mother","6/8/19"
"Auschwitz: The Nazis and the Final Solution: Season 1: Surprising Beginnings","6/8/19"
"GHOUL: Season 1: Out of the Smokeless Fire","6/8/19"
"Chopsticks","6/8/19"
"World's Busiest Cities: Season 1: Hong Kong","6/8/19"
"When They See Us: Limited Series: Part Three","6/7/19"
"When They See Us: Limited Series: Part Two","6/7/19"
"When They See Us: Limited Series: Part One","6/7/19"
"The Vietnam War: A Film by Ken Burns and Lynn Novick: Season 1: Déjà vu (1858-1961)","6/6/19"
"Khakee","6/6/19"
"Schindler's List","6/6/19"
"Hitler's Circle of Evil: Season 1: Meltdown","6/4/19"
"Hitler's Circle of Evil: Season 1: Beginning of the End","6/4/19"
"Hitler's Circle of Evil: Season 1: Rise of the  Sychophants","6/4/19"
"Hitler's Circle of Evil: Season 1: The Rise and Fall of Reinhard Heydrich","6/3/19"
"Hitler's Circle of Evil: Season 1: The Madness of Rudolf Hess","6/3/19"
"Hitler's Circle of Evil: Season 1: The Berghof Set","6/2/19"
"Hitler's Circle of Evil: Season 1: The Rise of Antisemitism","6/2/19"
"Hitler's Circle of Evil: Season 1: Fall of Röhm","6/2/19"
"Hitler's Circle of Evil: Season 1: Regrouping","6/2/19"
"Hitler's Circle of Evil: Season 1: Heroes & Misfits","6/2/19"
"Inside the World’s Toughest Prisons: Season 3: Norway: The Perfect Prison?","6/2/19"
"Inside the World’s Toughest Prisons: Season 3: Costa Rica: Prison on a Knife-Edge","6/2/19"
"Inside the World’s Toughest Prisons: Season 2: Belize: The Prison That Found God","6/2/19"
"Inside the World’s Toughest Prisons: Season 2: Papua New Guinea: The Breakout Prison","6/2/19"
"Inside the World’s Toughest Prisons: Season 2: Ukraine: The Prison in a War Zone","6/2/19"
"Inside the World’s Toughest Prisons: Season 2: Brazil: The Gang Prison","6/1/19"
"Inside the World’s Toughest Prisons: Season 3: Romania: Gypsy Prison","6/1/19"
"Inside the World’s Toughest Prisons: Season 3: Colombia: Narco Prison","6/1/19"
"World War II in Colour: The Gathering Storm","6/1/19"
"We Are Family","5/23/19"
"Extremely Wicked, Shockingly Evil and Vile","5/12/19"
"7 Khoon Maaf","5/12/19"
"Heroine","5/12/19"
"Selection Day: Season 1: Episode 12","5/11/19"
"Selection Day: Season 1: Episode 11","5/11/19"
"Selection Day: Season 1: Episode 10","5/11/19"
"Selection Day: Season 1: Episode 9","5/11/19"
"Selection Day: Season 1: Episode 8","5/11/19"
"Selection Day: Season 1: Episode 7","5/11/19"
"Ek Ladki Ko Dekha Toh Aisa Laga","5/11/19"
"2 States","5/2/19"
"Street Food: Asia: Season 1: Bangkok, Thailand","5/1/19"
"Raajneeti","4/21/19"
"15 August","4/13/19"
"Crime Diaries: The Candidate: Limited Series: The Candidate","4/6/19"
"The Crown: Season 2: Mystery Man","4/6/19"
"The Crown: Season 2: Paterfamilias","4/5/19"
"The Crown: Season 2: Dear Mrs. Kennedy","4/5/19"
"The Crown: Season 2: Matrimonium","4/1/19"
"The Crown: Season 2: Vergangenheit","3/31/19"
"The Crown: Season 2: Marionettes","3/30/19"
"The Crown: Season 2: Beryl","3/30/19"
"The Crown: Season 2: Lisbon","3/30/19"
"The Crown: Season 2: A Company of Men","3/29/19"
"Pyaar Tune Kya Kiya: Season 1: Episode 1","3/28/19"
"Little Things: Season 2: Milk Cake","3/28/19"
"Anjaan: Special Crimes Unit: Season 1: Episode 1","3/25/19"
"Delhi Crime: Season 1: Episode 7","3/24/19"
"Delhi Crime: Season 1: Episode 6","3/23/19"
"Delhi Crime: Season 1: Episode 5","3/23/19"
"Delhi Crime: Season 1: Episode 4","3/23/19"
"Delhi Crime: Season 1: Episode 3","3/23/19"
"Delhi Crime: Season 1: Episode 2","3/23/19"
"Delhi Crime: Season 1: Episode 1","3/23/19"
"The Crown: Season 2: Misadventure","3/16/19"
"Al Hayba: Season 1: Episode 30","3/10/19"
"Al Hayba: Season 1: Episode 29","3/7/19"
"Al Hayba: Season 1: Episode 28","3/6/19"
"Al Hayba: Season 1: Episode 27","3/4/19"
"Al Hayba: Season 1: Episode 26","3/3/19"
"Al Hayba: Season 1: Episode 25","3/3/19"
"Al Hayba: Season 1: Episode 24","3/3/19"
"Al Hayba: Season 1: Episode 23","3/3/19"
"Firebrand","3/2/19"
"Al Hayba: Season 1: Episode 22","3/2/19"
"Al Hayba: Season 1: Episode 21","3/2/19"
"Al Hayba: Season 1: Episode 20","3/1/19"
"Al Hayba: Season 1: Episode 19","3/1/19"
"Al Hayba: Season 1: Episode 18","2/28/19"
"Al Hayba: Season 1: Episode 17","2/27/19"
"Al Hayba: Season 1: Episode 16","2/26/19"
"Al Hayba: Season 1: Episode 15","2/25/19"
"Al Hayba: Season 1: Episode 14","2/25/19"
"Al Hayba: Season 1: Episode 13","2/24/19"
"Al Hayba: Season 1: Episode 12","2/24/19"
"Al Hayba: Season 1: Episode 11","2/23/19"
"Al Hayba: Season 1: Episode 10","2/19/19"
"Al Hayba: Season 1: Episode 9","2/18/19"
"Al Hayba: Season 1: Episode 8","2/18/19"
"Al Hayba: Season 1: Episode 7","2/18/19"
"Al Hayba: Season 1: Episode 6","2/18/19"
"Al Hayba: Season 1: Episode 5","2/17/19"
"Al Hayba: Season 1: Episode 4","2/17/19"
"Al Hayba: Season 1: Episode 3","2/17/19"
"Al Hayba: Season 1: Episode 2","2/16/19"
"Al Hayba: Season 1: Episode 1","2/15/19"
"Bordertown: Season 1: The Dolls' House (Part One)","2/15/19"
"Justice: Season 1: Episode 18","2/14/19"
"Justice: Season 1: Episode 17","2/14/19"
"Justice: Season 1: Episode 16","2/11/19"
"Justice: Season 1: Episode 15","2/11/19"
"Justice: Season 1: Episode 14","2/10/19"
"Justice: Season 1: Episode 13","2/10/19"
"Justice: Season 1: Episode 12","2/10/19"
"Justice: Season 1: Episode 11","2/10/19"
"Justice: Season 1: Episode 10","2/9/19"
"Justice: Season 1: Episode 9","2/9/19"
"Justice: Season 1: Episode 8","2/9/19"
"Justice: Season 1: Episode 7","2/9/19"
"Justice: Season 1: Episode 6","2/8/19"
"Justice: Season 1: Episode 5","2/8/19"
"Justice: Season 1: Episode 4","2/8/19"
"Justice: Season 1: Episode 3","2/8/19"
"Razia Sultan: Season 1: Episode 5","2/8/19"
"Rajma Chawal","2/4/19"
"Baazaar","2/3/19"
"Soni","2/3/19"
"Justice: Season 1: Episode 2","2/3/19"
"Justice: Season 1: Episode 1","2/3/19"
"Selection Day: Season 1: Episode 6","2/2/19"
"Selection Day: Season 1: Episode 5","2/2/19"
"Selection Day: Season 1: Episode 4","2/2/19"
"Selection Day: Season 1: Episode 3","2/2/19"
"Selection Day: Season 1: Episode 2","2/2/19"
"Selection Day: Season 1: Episode 1","2/2/19"
"Sex Education: Season 1: Episode 1","2/2/19"
"House of Cards: Season 6: Chapter 73","11/24/18"
"House of Cards: Season 6: Chapter 72","11/24/18"
"House of Cards: Season 6: Chapter 71","11/24/18"
"House of Cards: Season 6: Chapter 70","11/23/18"
"House of Cards: Season 6: Chapter 69","11/23/18"
"House of Cards: Season 6: Chapter 68","11/23/18"
"House of Cards: Season 6: Chapter 67","11/23/18"
"House of Cards: Season 6: Chapter 66","11/23/18"
"Razia Sultan: Season 1: Episode 4","11/17/18"
"Veerappan","10/27/18"
"Sanju","10/21/18"
"Razia Sultan: Season 1: Episode 3","10/21/18"
"Razia Sultan: Season 1: Episode 2","10/20/18"
"Razia Sultan: Season 1: Episode 1","10/20/18"
"Sacred Games: Season 1: Yayati","10/14/18"
"Elite: Season 1: Welcome","10/14/18"
"Sacred Games: Season 1: Rudra","10/14/18"
"Sacred Games: Season 1: Pretakalpa","10/14/18"
"Kurbaan","10/14/18"
"Maroon","10/14/18"
"Phantom","10/12/18"
"Ankur Arora Murder Case","9/18/18"
"Sacred Games: Season 1: Sarama","9/16/18"
"Sacred Games: Season 1: Brahmahatya","9/16/18"
"Sacred Games: Season 1: Atapi Vatapi","9/16/18"
"Sacred Games: Season 1: Halahala ","9/16/18"
"Sacred Games: Season 1: Ashwathama ","9/16/18"
"Drishyam","9/15/18"
"B.A. Pass","9/8/18"
"Aiyaary","9/8/18"
"Highway","9/7/18"
"Sarkar","9/3/18"
"Mom","9/3/18"
"Naam Shabana","9/3/18"
"PK","9/2/18"
"Pad Man","9/2/18"
"Rishta.com: Season 1: Isha and Rohan are to handle two clients at Rishta.Com","8/28/18"
"Rishta.com: Season 1: Isha and Rohan's new client is a very demanding","8/27/18"
"Rishta.com: Season 1: Isha and Rohan are dealing with a very peculiar case","8/27/18"
"Rishta.com: Season 1: Gaurav an old friend from college is the new client at Rishta.com","8/26/18"
"Rishta.com: Season 1: Isha and Rohan on their journey to find a perfect match","8/26/18"
"Rishta.com: Season 1: Rohit Gupta and Mr. Haldiram have come to Rishta.com","8/26/18"
"Secret Superstar","8/26/18"
"Baabul","8/25/18"
"Toilet: Ek Prem Katha","8/24/18"
"Jab We Met","8/19/18"
"Lust Stories","8/5/18"
"Okja","8/5/18"
"Baahubali 2: The Conclusion (Hindi Version)","8/3/18"
"Baahubali: The Beginning (Hindi Version)","8/1/18"
"Khotey Sikkey: Season 1: Aditi Rawal's death due to overdose of drugs","7/30/18"
"Khotey Sikkey: Season 1: The case of missing organs from patient's body","7/29/18"
"Khotey Sikkey: Season 1: The racket of illegal guns","7/29/18"
"Khotey Sikkey: Season 1: The case of Rahul Kamlakar who killed Diwakar","7/29/18"
"Khotey Sikkey: Season 1: Deshmukh succeeds in arresting Joker","7/29/18"
"Khotey Sikkey: Season 1: The case of Joker the thief","7/29/18"
"Sairat","7/28/18"
"Powder: Season 1: Usmaan-Ansari face off","7/28/18"
"Powder: Season 1: The final plan in motion","7/28/18"
"Powder: Season 1: Mahendra in trouble","7/28/18"
"Powder: Season 1: A leak in the NCB?","7/28/18"
"Powder: Season 1: The political intervention","7/27/18"
"Powder: Season 1: The DRI crackdown","7/27/18"
"Powder: Season 1: The Karthik conspiracy","7/27/18"
"Powder: Season 1: Wasim to the rescue","7/26/18"
"Powder: Season 1: An untimely death","7/25/18"
"Powder: Season 1: Container surprise","7/25/18"
"Powder: Season 1: NCB tightens its hold","7/24/18"
"Powder: Season 1: The crackdown on Ansari","7/23/18"
"Powder: Season 1: Ansari's change of plans","7/23/18"
"Powder: Season 1: Ansari under surveillance","7/23/18"
"Powder: Season 1: A failed mission","7/22/18"
"Powder: Season 1: Danger in disguise","7/22/18"
"Powder: Season 1: Ansari's brother rises","7/22/18"
"Powder: Season 1: DRI decides to trump the NCB?","7/22/18"
"Powder: Season 1: A foe turned friend?","7/22/18"
"Powder: Season 1: Brinda follows Ansari's trail","7/22/18"
"Powder: Season 1: An associate's murder","7/22/18"
"Powder: Season 1: The battle against drug trade","7/22/18"
"Powder: Season 1: Brinda proves her worth","7/21/18"
"Powder: Season 1: Drug raids across the city","7/21/18"
"Powder: Season 1: Infighting sabotages a mission","7/21/18"
"Powder: Season 1: A drug lord called Naved Ansari","7/21/18"
"Agent Raghav: Season 1: Episode 19","7/20/18"
"Agent Raghav: Season 1: Episode 18","7/20/18"
"Agent Raghav: Season 1: Episode 17","7/20/18"
"Scandal: Season 7: Pressing the Flesh","7/20/18"
"Agent Raghav: Season 1: Episode 16","7/19/18"
"Agent Raghav: Season 1: Episode 15","7/18/18"
"Agent Raghav: Season 1: Episode 14","7/17/18"
"Agent Raghav: Season 1: Episode 13","7/15/18"
"Agent Raghav: Season 1: Episode 12","7/15/18"
"Agent Raghav: Season 1: Episode 11","7/14/18"
"Agent Raghav: Season 1: Episode 10","7/14/18"
"Agent Raghav: Season 1: Episode 9","7/14/18"
"Agent Raghav: Season 1: Episode 8","7/14/18"
"Agent Raghav: Season 1: Episode 7","7/14/18"
"Agent Raghav: Season 1: Episode 6","7/14/18"
"Agent Raghav: Season 1: Episode 5","7/13/18"
"Agent Raghav: Season 1: Episode 4","7/13/18"
"Agent Raghav: Season 1: Episode 3","7/12/18"
"Agent Raghav: Season 1: Episode 2","7/12/18"
"Agent Raghav: Season 1: Episode 1","7/10/18"
"The Indian Detective: Season 1: Episode 4","7/10/18"
"The Indian Detective: Season 1: Episode 3","7/9/18"
"Ajab Prem Ki Ghazab Kahani","7/9/18"
"Half Girlfriend","5/29/18"
"The Indian Detective: Season 1: Episode 2","5/28/18"
"The Indian Detective: Season 1: Episode 1","5/28/18"
"13 Reasons Why: Season 2: Bye","5/26/18"
"Guilty","5/25/18"
"Scandal: Season 7: Watch Me","5/23/18"
"13 Reasons Why: Season 2: The Box of Polaroids","5/22/18"
"13 Reasons Why: Season 2: Bryce and Chloe","5/22/18"
"13 Reasons Why: Season 2: Smile, Bitches","5/22/18"
"13 Reasons Why: Season 2: The Missing Page","5/22/18"
"13 Reasons Why: Season 2: The Little Girl","5/20/18"
"13 Reasons Why: Season 2: The Third Polaroid","5/20/18"
"13 Reasons Why: Season 2: The Smile at the End of the Dock","5/20/18"
"13 Reasons Why: Season 2: The Chalk Machine","5/20/18"
"13 Reasons Why: Season 2: The Second Polaroid","5/20/18"
"13 Reasons Why: Season 2: The Drunk Slut","5/19/18"
"13 Reasons Why: Season 2: Two Girls Kissing","5/19/18"
"13 Reasons Why: Season 2: The First Polaroid","5/18/18"
"Masaan","5/17/18"
"Aarakshan","5/16/18"
"Shahid","5/13/18"
"Ugly","5/13/18"
"Rahasya","5/12/18"
"TE3N","5/12/18"
"A Decent Arrangement","5/12/18"
"Kahaani","5/12/18"
"Love Per Square Foot","5/11/18"
"Ittefaq","5/6/18"
"Sometimes","5/5/18"
"Dear Zindagi","5/5/18"
"Neerja","5/5/18"
"Scandal: Season 4: You Can't Take Command","5/5/18"
"Scandal: Season 6: Transfer of Power","4/28/18"
"Scandal: Season 6: Tick, Tock","4/28/18"
"Scandal: Season 6: Head Games","4/28/18"
"Scandal: Season 6: The Box","4/23/18"
"Scandal: Season 6: Mercy","4/22/18"
"Scandal: Season 6: Trojan Horse","4/22/18"
"Scandal: Season 6: The Decision","4/22/18"
"Scandal: Season 6: Dead in the Water","4/22/18"
"Scandal: Season 6: A Stomach for Blood","4/21/18"
"Scandal: Season 6: A Traitor Among Us","4/18/18"
"Scandal: Season 6: Extinction","4/16/18"
"Scandal: Season 6: They All Bow Down","4/16/18"
"Scandal: Season 6: The Belt","4/15/18"
"Scandal: Season 6: Fates Worse Than Death","4/15/18"
"Scandal: Season 6: Hardball","4/15/18"
"Scandal: Season 6: Survival of the Fittest","4/15/18"
"Scandal: Season 5: That's My Girl","4/15/18"
"Scandal: Season 5: Trump Card","4/15/18"
"Scandal: Season 5: Buckle Up","4/15/18"
"Scandal: Season 5: Till Death Do Us Part","4/15/18"
"Scandal: Season 5: Thwack!","4/14/18"
"Scandal: Season 5: The Miseducation of Susan Ross","4/14/18"
"Scandal: Season 5: Pencils Down","4/14/18"
"Seven Seconds: Season 1: A Boy and a Bike","4/14/18"
"Seven Seconds: Season 1: Witnesses for the Prosecution","4/14/18"
"Seven Seconds: Season 1: Bailed Out","4/14/18"
"Seven Seconds: Season 1: Boxed Devil","4/14/18"
"Seven Seconds: Season 1: Until It Do","4/14/18"
"Seven Seconds: Season 1: Of Gods and Men","4/14/18"
"Seven Seconds: Season 1: That What Follows","4/14/18"
"Seven Seconds: Season 1: Matters of Life and Death","4/14/18"
"Seven Seconds: Season 1: Brenton's Breath","4/13/18"
"Scandal: Season 5: I See You","4/11/18"
"Scandal: Season 5: The Fish Rots from the Head","4/11/18"
"Scandal: Season 5: Wild Card","4/11/18"
"Scandal: Season 5: The Candidate","4/10/18"
"Scandal: Season 5: It's Hard out Here for a General","4/10/18"
"Scandal: Season 5: Baby, It's Cold Outside","4/10/18"
"Scandal: Season 5: Rasputin","4/9/18"
"Scandal: Season 5: Even the Devil Deserves a Second Chance","4/9/18"
"Scandal: Season 5: Get Out of Jail, Free","4/8/18"
"Scandal: Season 5: You Got Served","4/8/18"
"Scandal: Season 5: Dog-Whistle Politics","4/8/18"
"Scandal: Season 5: Paris is Burning","4/8/18"
"Scandal: Season 5: Yes","4/8/18"
"Scandal: Season 5: Heavy Is the Head","4/7/18"
"Seven Seconds: Season 1: Pilot","4/7/18"
"Scandal: Season 4: A Few Good Women","4/6/18"
"Scandal: Season 4: First Lady Sings the Blues","4/6/18"
"Scandal: Season 4: I'm Just a Bill","4/6/18"
"Scandal: Season 4: Honor Thy Father","4/6/18"
"Scandal: Season 4: Put a Ring on It","4/2/18"
"Scandal: Season 4: It's Good to Be Kink","4/2/18"
"Scandal: Season 4: The Testimony of Diego Muñoz","4/1/18"
"Scandal: Season 4: The Lawn Chair","4/1/18"
"Scandal: Season 4: No More Blood","4/1/18"
"Scandal: Season 4: Gladiators Don’t Run","3/31/18"
"Scandal: Season 4: Where's the Black Lady?","3/31/18"
"Scandal: Season 4: Run","3/31/18"
"Scandal: Season 4: Where the Sun Don't Shine","3/31/18"
"Scandal: Season 4: The Last Supper","3/31/18"
"Scandal: Season 4: Baby Made a Mess","3/31/18"
"Scandal: Season 4: An Innocent Man","3/31/18"
"Scandal: Season 4: The Key","3/31/18"
"Scandal: Season 4: Like Father, Like Daughter","3/31/18"
"Scandal: Season 4: Inside the Bubble","3/31/18"
"Scandal: Season 4: The State of the Union","3/31/18"
"Scandal: Season 4: Randy, Red, Superfreak and Julia","3/30/18"
"Scandal: Season 3: The Price of Free and Fair Election","3/30/18"
"Marvel's Jessica Jones: Season 1: AKA It's Called Whiskey","3/30/18"
"Scandal: Season 3: Flesh and Blood","3/29/18"
"Scandal: Season 3: The Fluffer","3/28/18"
"Scandal: Season 3: Mama Said Knock You Out","3/28/18"
"Scandal: Season 3: Kiss Kiss Bang Bang","3/28/18"
"Marvel's Jessica Jones: Season 1: AKA Crush Syndrome","3/28/18"
"Scandal: Season 3: No Sun on the Horizon","3/27/18"
"Scandal: Season 3: We Do Not Touch the First Ladies","3/27/18"
"Marvel's Jessica Jones: Season 1: AKA Ladies Night","3/26/18"
"Scandal: Season 3: Ride, Sally, Ride","3/25/18"
"Scandal: Season 3: A Door Marked Exit","3/25/18"
"Scandal: Season 3: YOLO","3/25/18"
"Scandal: Season 3: Vermont Is for Lovers, Too","3/25/18"
"Scandal: Season 3: Everything's Coming Up Mellie","3/25/18"
"Scandal: Season 3: Icarus","3/25/18"
"Scandal: Season 3: More Cattle, Less Bull","3/25/18"
"Scandal: Season 3: Say Hello to My Little Friend","3/25/18"
"Scandal: Season 3: Mrs. Smith Goes to Washington","3/24/18"
"Scandal: Season 3: Guess Who's Coming to Dinner","3/24/18"
"Scandal: Season 3: It's Handled","3/24/18"
"Scandal: Season 2: White Hat's Back On","3/24/18"
"Scandal: Season 2: Any Questions?","3/24/18"
"Scandal: Season 2: A Woman Scorned","3/24/18"
"Scandal: Season 2: Seven Fifty-Two","3/24/18"
"Scandal: Season 2: Molly, You in Danger, Girl","3/24/18"
"Scandal: Season 2: Snake in the Garden","3/24/18"
"Scandal: Season 2: Top of the Hour","3/24/18"
"Scandal: Season 2: Boom Goes the Dynamite","3/24/18"
"Scandal: Season 2: Whiskey Tango Foxtrot","3/23/18"
"Scandal: Season 2: Nobody Likes Babies","3/23/18"
"Scandal: Season 2: Truth or Consequences","3/23/18"
"Scandal: Season 2: A Criminal, a Whore, an Idiot and a Liar","3/23/18"
"Scandal: Season 2: One for the Dog","3/21/18"
"Scandal: Season 2: Blown Away","3/21/18"
"Scandal: Season 2: Happy Birthday, Mr. President","3/20/18"
"Scandal: Season 2: Defiance","3/20/18"
"Scandal: Season 2: Spies Like Us","3/20/18"
"Scandal: Season 2: All Roads Lead to Fitz","3/20/18"
"Scandal: Season 2: Beltway Unbuckled","3/19/18"
"Scandal: Season 2: Hunting Season","3/19/18"
"Scandal: Season 2: The Other Woman","3/19/18"
"Scandal: Season 2: White Hat's Off","3/19/18"
"Scandal: Season 1: Grant: For the People","3/19/18"
"Scandal: Season 1: The Trail","3/19/18"
"Scandal: Season 1: Crash and Burn","3/18/18"
"Scandal: Season 1: Enemy of the State","3/18/18"
"Scandal: Season 1: Hell Hath No Fury","3/18/18"
"Scandal: Season 1: Dirty Little Secrets","3/18/18"
"Scandal: Season 1: Sweet Baby","3/18/18"
"How to Get Away With Murder: Season 1: It's All Her Fault","10/22/17"
"How to Get Away With Murder: Season 1: Pilot","10/22/17"
"Orange Is the New Black: Season 1: Can't Fix Crazy","10/22/17"
"Raees","10/21/17"
"Dangal","10/21/17"
"Breaking Bad: Season 1: Pilot","10/17/17"
"Orange Is the New Black: Season 1: Fool Me Once","10/16/17"
"Orange Is the New Black: Season 1: Tall Men with Feelings","10/15/17"
"Orange Is the New Black: Season 1: Bora Bora Bora","10/15/17"
"Orange Is the New Black: Season 1: F*cksgiving","10/15/17"
"Orange Is the New Black: Season 1: Moscow Mule","10/15/17"
"Orange Is the New Black: Season 1: Blood Donut","10/15/17"
"Orange Is the New Black: Season 1: WAC Pack","10/15/17"
"Orange Is the New Black: Season 1: The Chickening","10/15/17"
"Orange Is the New Black: Season 1: Imaginary Enemies","10/15/17"
"Orange Is the New Black: Season 1: Lesbian Request Denied","10/15/17"
"Orange Is the New Black: Season 1: Tit Punch","10/14/17"
"Orange Is the New Black: Season 1: I Wasn't Ready","10/14/17"
"House of Cards: Season 5: Chapter 65","6/5/17"
"House of Cards: Season 5: Chapter 64","6/5/17"
"House of Cards: Season 5: Chapter 63","6/4/17"
"House of Cards: Season 5: Chapter 62","6/4/17"
"House of Cards: Season 5: Chapter 61","6/4/17"
"House of Cards: Season 5: Chapter 60","6/4/17"
"House of Cards: Season 5: Chapter 59","6/4/17"
"House of Cards: Season 5: Chapter 58","6/4/17"
"House of Cards: Season 5: Chapter 57","6/4/17"
"House of Cards: Season 5: Chapter 56","6/4/17"
"House of Cards: Season 5: Chapter 55","6/4/17"
"House of Cards: Season 5: Chapter 54","6/3/17"
"House of Cards: Season 5: Chapter 53","6/3/17"
"House of Cards: Season 1: Chapter 1","6/1/17"
"Gabbar Is Back","5/18/17"
"The West Wing: Season 1: Post Hoc, Ergo Propter Hoc","5/18/17"
"The West Wing: Season 1: Pilot","5/18/17"
"13 Reasons Why: Season 1: Tape 7, Side A","5/16/17"
"13 Reasons Why: Season 1: Tape 6, Side B","5/16/17"
"13 Reasons Why: Season 1: Tape 6, Side A","5/16/17"
"13 Reasons Why: Season 1: Tape 5, Side B","5/16/17"
"13 Reasons Why: Season 1: Tape 5, Side A","5/16/17"
"13 Reasons Why: Season 1: Tape 4, Side B","5/15/17"
"13 Reasons Why: Season 1: Tape 4, Side A","5/15/17"
"13 Reasons Why: Season 1: Tape 3, Side B","5/15/17"
"13 Reasons Why: Season 1: Tape 3, Side A","5/15/17"
"13 Reasons Why: Season 1: Tape 2, Side B","5/15/17"
"13 Reasons Why: Season 1: Tape 2, Side A","5/15/17"
"The Crown: Season 1: Gloriana","5/14/17"
"The Crown: Season 1: Assassins","5/14/17"
"The Crown: Season 1: Pride & Joy","5/14/17"
"The Crown: Season 1: Scientia Potentia Est","5/14/17"
"The Crown: Season 1: Gelignite","5/14/17"
"The Crown: Season 1: Smoke and Mirrors","5/14/17"
"The Crown: Season 1: Act of God","5/14/17"
"The Crown: Season 1: Windsor","5/13/17"
"The Crown: Season 1: Hyde Park Corner","5/13/17"
"The Crown: Season 1: Wolferton Splash","5/13/17"
"Pink","4/28/17"
"Dilwale","4/28/17"
"Ok Kanmani (Malayalam Version)","4/2/17"
"Kaanchi","4/2/17"
"Gulaab Gang","3/18/17"
"Airlift","3/17/17"
"House of Cards: Season 4: Chapter 52","3/5/17"
"House of Cards: Season 4: Chapter 51","3/5/17"
"House of Cards: Season 4: Chapter 50","3/5/17"
"House of Cards: Season 4: Chapter 49","3/4/17"
"House of Cards: Season 4: Chapter 48","3/3/17"
"House of Cards: Season 4: Chapter 47","3/3/17"
"House of Cards: Season 4: Chapter 46","2/18/17"
"House of Cards: Season 4: Chapter 45","2/18/17"
"House of Cards: Season 4: Chapter 44","2/17/17"
"House of Cards: Season 4: Chapter 43","2/17/17"
"House of Cards: Season 4: Chapter 42","2/17/17"
"House of Cards: Season 4: Chapter 41","2/17/17"
"House of Cards: Season 3: Chapter 33","2/17/17"
"House of Cards: Season 4: Chapter 40","2/16/17"
"House of Cards: Season 3: Chapter 39","2/16/17"
"House of Cards: Season 3: Chapter 38","2/15/17"
"House of Cards: Season 3: Chapter 37","2/15/17"
"House of Cards: Season 3: Chapter 36","2/15/17"
"House of Cards: Season 3: Chapter 35","2/15/17"
"House of Cards: Season 3: Chapter 34","2/15/17"
"House of Cards: Season 3: Chapter 32","2/5/17"
"House of Cards: Season 3: Chapter 31","2/5/17"
"House of Cards: Season 3: Chapter 30","2/5/17"
"House of Cards: Season 3: Chapter 29","2/5/17"
"House of Cards: Season 3: Chapter 28","2/4/17"
"House of Cards: Season 3: Chapter 27","2/4/17"
"House of Cards: Season 2: Chapter 26","2/4/17"
"House of Cards: Season 2: Chapter 25","2/3/17"
"House of Cards: Season 2: Chapter 24","2/2/17"
"House of Cards: Season 2: Chapter 23","2/2/17"
"House of Cards: Season 2: Chapter 22","2/2/17"
"House of Cards: Season 2: Chapter 21","2/2/17"
"House of Cards: Season 2: Chapter 20","2/1/17"
"House of Cards: Season 2: Chapter 19","2/1/17"
"House of Cards: Season 2: Chapter 18","2/1/17"
"House of Cards: Season 2: Chapter 17","2/1/17"
"House of Cards: Season 2: Chapter 16","2/1/17"
"House of Cards: Season 2: Chapter 15","1/31/17"
"House of Cards: Season 2: Chapter 14","1/31/17"
"House of Cards: Season 1: Chapter 13","1/31/17"
"House of Cards: Season 1: Chapter 12","1/30/17"
"House of Cards: Season 1: Chapter 11","1/30/17"
"House of Cards: Season 1: Chapter 10","1/29/17"
"House of Cards: Season 1: Chapter 9","1/29/17"
"House of Cards: Season 1: Chapter 8","1/29/17"
"House of Cards: Season 1: Chapter 7","1/29/17"
"House of Cards: Season 1: Chapter 6","1/29/17"
"House of Cards: Season 1: Chapter 5","1/29/17"
"House of Cards: Season 1: Chapter 4","1/28/17"
"House of Cards: Season 1: Chapter 3","1/28/17"
"House of Cards: Season 1: Chapter 2","1/28/17"
"The House of Cards Trilogy (BBC): The Final Cut: Episode 4","1/27/17"
"The House of Cards Trilogy (BBC): The Final Cut: Episode 3","1/27/17"
"The House of Cards Trilogy (BBC): The Final Cut: Episode 2","1/27/17"
"The House of Cards Trilogy (BBC): The Final Cut: Episode 1","1/26/17"
"The House of Cards Trilogy (BBC): To Play the King: Episode 4","1/26/17"
"The House of Cards Trilogy (BBC): To Play the King: Episode 3","1/26/17"
"The House of Cards Trilogy (BBC): To Play the King: Episode 2","1/26/17"
"The House of Cards Trilogy (BBC): To Play the King: Episode 1","1/25/17"
"The House of Cards Trilogy (BBC): House of Cards: Episode 4","1/25/17"
"The House of Cards Trilogy (BBC): House of Cards: Episode 3","1/25/17"
"A Young Doctor's Notebook and Other Stories: Series 1: Episode 3","1/25/17"
"A Young Doctor's Notebook and Other Stories: Series 1: Episode 2","1/25/17"
"A Young Doctor's Notebook and Other Stories: Series 1: Episode 1","1/25/17"
"The House of Cards Trilogy (BBC): House of Cards: Episode 2","1/24/17"
"The House of Cards Trilogy (BBC): House of Cards: Episode 1","1/24/17"
"Gilmore Girls: A Year in the Life: Limited Series: Fall","1/12/17"
"Gilmore Girls: A Year in the Life: Limited Series: Summer","1/11/17"
"Gilmore Girls: A Year in the Life: Limited Series: Spring","1/10/17"
"Gilmore Girls: A Year in the Life: Limited Series: Winter","1/8/17"
